[{"model": "estate.condo", "pk": 2, "fields": {"name": "the condo", "description": "a condo", "number_of_floors": 1, "juristic_persons_number": "22", "common_fee_account": "33", "address": "Nana BTS Station, ถนน สุขุมวิท แขวง คลองเตยเหนือ เขตวัฒนา กรุงเทพมหานคร Thailand", "geolocation": "13.7405302,100.5554758", "amenities": "elevator,cctv,sauna"}}, {"model": "estate.condo", "pk": 3, "fields": {"name": "New Condo", "description": "Is actually old.\r\nLike really really old.\r\nAlso, has only one amenity.", "number_of_floors": 1, "juristic_persons_number": "0", "common_fee_account": "0", "address": "Slums, Navrang Compound, Dharavi, Mumbai, Maharashtra, India", "geolocation": "19.0450248,72.84764129999999", "amenities": "playground"}}, {"model": "estate.condo", "pk": 4, "fields": {"name": "Solar", "description": "Sun is hot.", "number_of_floors": 1, "juristic_persons_number": "1234567", "common_fee_account": "41235668", "address": "The Mall Ngamwongwan, Thanon Ngamwongwan, Bang Khen, Mueang Nonthaburi District, Nonthaburi, Thailand", "geolocation": "13.8552629,100.5420433", "amenities": "elevator,security,wifi,swimming_pool,sauna"}}, {"model": "estate.condo", "pk": 5, "fields": {"name": "Udomsuksa", "description": "อุดมศึกษาสถาบันก้าวหน้าในวิชาการ", "number_of_floors": 7, "juristic_persons_number": "234", "common_fee_account": "134", "address": "Udomsuksa School, Lat Phrao 94 Alley, Phlabphla, Wang Thonglang, Bangkok", "geolocation": "13.77904,100.60957", "amenities": "sauna,restaurant"}}, {"model": "estate.condo", "pk": 6, "fields": {"name": "Some Condo", "description": "Just some condo.", "number_of_floors": 4, "juristic_persons_number": "5", "common_fee_account": "78", "address": "Ramkhamhaeng Road, Hua Mak, Bang Kapi District, Bangkok, Thailand", "geolocation": "13.761554,100.6358327", "amenities": "elevator,restaurant"}}, {"model": "estate.condoimages", "pk": 2, "fields": {"condo": 2, "image": "media/user_upload/condo/condo_id_2/2.jpg"}}, {"model": "estate.condoimages", "pk": 3, "fields": {"condo": 3, "image": "images/user_upload/condo/condo_id_3/what-is-a-slum-definition-in-romania.jpg"}}, {"model": "estate.condoimages", "pk": 4, "fields": {"condo": 4, "image": "images/user_upload/condo/condo_id_4/Building-in-climate-change.jpg"}}, {"model": "estate.condoimages", "pk": 5, "fields": {"condo": 5, "image": "images/user_upload/condo/condo_id_5/outside-condo_0LeWIz3.jpg"}}, {"model": "estate.condoimages", "pk": 6, "fields": {"condo": 6, "image": "images/user_upload/condo/condo_id_6/3.jpg"}}, {"model": "estate.condoimages", "pk": 7, "fields": {"condo": 4, "image": "images/user_upload/condo/condo_id_4/2File_.jpg"}}, {"model": "estate.condoimages", "pk": 8, "fields": {"condo": 4, "image": "images/user_upload/condo/condo_id_4/1-Bed-Room.jpg"}}, {"model": "estate.customuser", "pk": 1, "fields": {"password": "pbkdf2_sha256$216000$lLAoK0AXxzoH$pjbZGr7OCoWJ0zOFiVuj/rv2vZ5x3vHFxZNudGoh57M=", "last_login": "2020-12-15T11:32:44.942Z", "is_superuser": true, "username": "Hjofsteihlm", "email": "my@mail.com", "is_staff": true, "is_active": true, "date_joined": "2020-12-04T09:20:57.149Z", "first_name": "", "last_name": "", "role": 2, "groups": [], "user_permissions": []}}, {"model": "estate.customuser", "pk": 2, "fields": {"password": "pbkdf2_sha256$216000$UcUfKRF1tXy4$Iv5deaod66YbalFOreUd8fYcc/9U53/PgHUzZIYMyIM=", "last_login": null, "is_superuser": false, "username": "JaneSnow", "email": "Jane.snow@email.com", "is_staff": false, "is_active": true, "date_joined": "2020-12-04T09:45:28.349Z", "first_name": "Jane", "last_name": "Snow", "role": 2, "groups": [], "user_permissions": []}}, {"model": "estate.customuser", "pk": 3, "fields": {"password": "!MAGbeP9od4YDjdQaFy94S15RmGjDm5z99fc3TubE", "last_login": "2020-12-12T05:45:39.922Z", "is_superuser": false, "username": "kaesrel", "email": "", "is_staff": false, "is_active": true, "date_joined": "2020-12-04T10:35:01.184Z", "first_name": "Chanathip", "last_name": "Thumkanon", "role": 2, "groups": [], "user_permissions": []}}, {"model": "estate.customuser", "pk": 4, "fields": {"password": "pbkdf2_sha256$216000$eRhJY07wr7T4$faH+Q5T3CwjcTDN0YWY60+044hEJQONdf4vqrgmCe6A=", "last_login": "2020-12-04T13:35:16.717Z", "is_superuser": false, "username": "qw", "email": "qw@mail.com", "is_staff": false, "is_active": true, "date_joined": "2020-12-04T13:35:16.179Z", "first_name": "qqwer", "last_name": "aa", "role": 1, "groups": [], "user_permissions": []}}, {"model": "estate.customuser", "pk": 5, "fields": {"password": "pbkdf2_sha256$216000$pVIusAPhTFh5$7eE7xZE0xfMfT0G8FiJCJjoTwMCxwWXQIzTX0id0XEI=", "last_login": "2020-12-04T13:36:45.529Z", "is_superuser": false, "username": "helloworld", "email": "host@m.com", "is_staff": false, "is_active": true, "date_joined": "2020-12-04T13:36:44.790Z", "first_name": "owner", "last_name": "t", "role": 2, "groups": [], "user_permissions": []}}, {"model": "estate.customuser", "pk": 6, "fields": {"password": "pbkdf2_sha256$216000$EB4lCGZghTdn$zI/7EnyZWmKiGsQbnF3af/TI188mkFDDQaK7d0GEX1g=", "last_login": "2020-12-04T13:39:46.114Z", "is_superuser": false, "username": "helloworld2", "email": "helloworld@m.com", "is_staff": false, "is_active": true, "date_joined": "2020-12-04T13:37:17.777Z", "first_name": "owner", "last_name": "t", "role": 2, "groups": [], "user_permissions": []}}, {"model": "estate.customuser", "pk": 7, "fields": {"password": "pbkdf2_sha256$216000$17WpsOrJ9HZd$R43WO2w0uviHGnNcBdGKKiMZRWG/J1MFeapUivH0jbY=", "last_login": "2020-12-06T18:38:22.133Z", "is_superuser": false, "username": "username", "email": "aassd.asasd@ghsh.com", "is_staff": false, "is_active": true, "date_joined": "2020-12-06T18:38:21.553Z", "first_name": "asd", "last_name": "wacwe", "role": 1, "groups": [], "user_permissions": []}}, {"model": "estate.customuser", "pk": 8, "fields": {"password": "!cdN5CNB0NBnNfYF8ZlC4bGIBO5GvgahyOFryFNHg", "last_login": "2020-12-11T06:03:33.393Z", "is_superuser": false, "username": "phuwanut.j", "email": "phuwanut.j@ku.th", "is_staff": false, "is_active": true, "date_joined": "2020-12-11T05:49:57.900Z", "first_name": "", "last_name": "", "role": 2, "groups": [], "user_permissions": []}}, {"model": "estate.customuser", "pk": 9, "fields": {"password": "!UnKaBXdGX4SLv5RpntDOYvkafDufBYFQSlEGHG0P", "last_login": "2020-12-11T05:50:20.830Z", "is_superuser": false, "username": "phuwanutj", "email": "", "is_staff": false, "is_active": true, "date_joined": "2020-12-11T05:50:20.318Z", "first_name": "Phuwanut", "last_name": "Jiamwatthanaloet", "role": 2, "groups": [], "user_permissions": []}}, {"model": "estate.customuser", "pk": 10, "fields": {"password": "!JcmOxjBaFOjuaAbtv6uSSZlWYI4KeIz3Pf8RMyoC", "last_login": "2020-12-12T05:46:04.543Z", "is_superuser": false, "username": "kardel374", "email": "kardel374@gmail.com", "is_staff": false, "is_active": true, "date_joined": "2020-12-12T05:46:04.100Z", "first_name": "", "last_name": "", "role": 2, "groups": [], "user_permissions": []}}, {"model": "estate.customuser", "pk": 11, "fields": {"password": "pbkdf2_sha256$216000$QDEhZE8l138W$pogwy99o76nJwImKXoEspO+AjoFiOxpr17Ue3ufe/C0=", "last_login": "2020-12-13T08:50:55.395Z", "is_superuser": false, "username": "tomatoes", "email": "Harry@hogwarts.com", "is_staff": false, "is_active": true, "date_joined": "2020-12-13T08:50:54.356Z", "first_name": "doggo", "last_name": "nacnac", "role": 2, "groups": [], "user_permissions": []}}, {"model": "estate.customuser", "pk": 12, "fields": {"password": "!YDr81lJGGBN2MI18lUiXdNZAhXoE7WmQTS7EilSV", "last_login": "2020-12-14T14:03:57.287Z", "is_superuser": false, "username": "giftbbt", "email": "giftbbt@gmail.com", "is_staff": false, "is_active": true, "date_joined": "2020-12-14T13:28:15.995Z", "first_name": "", "last_name": "", "role": 2, "groups": [], "user_permissions": []}}, {"model": "estate.contactinfo", "pk": 1, "fields": {"user": 2, "contact_type": "phone", "information": "0992446293"}}, {"model": "estate.unit", "pk": 9, "fields": {"condo": 3, "owner": 1, "number": "1", "title": "Tttttt", "description": "Tttttttttttt", "still_on_contract": false, "price_for_rent": 1, "price_for_sell": 1, "floor_number": 1, "number_of_bedroom": 1, "number_of_bathroom": 1, "area": 1}}, {"model": "estate.unit", "pk": 10, "fields": {"condo": 4, "owner": 1, "number": "1", "title": "Fhh", "description": "Ghhg", "still_on_contract": false, "price_for_rent": 1, "price_for_sell": 1, "floor_number": 1, "number_of_bedroom": 1, "number_of_bathroom": 1, "area": 1}}, {"model": "estate.unit", "pk": 11, "fields": {"condo": 5, "owner": 11, "number": "1", "title": "3221", "description": "A classroom for sale.", "still_on_contract": false, "price_for_rent": 1, "price_for_sell": 1, "floor_number": 1, "number_of_bedroom": 1, "number_of_bathroom": 1, "area": 1}}, {"model": "estate.unit", "pk": 12, "fields": {"condo": 5, "owner": 1, "number": "1", "title": "1", "description": "1", "still_on_contract": false, "price_for_rent": 1, "price_for_sell": 1, "floor_number": 1, "number_of_bedroom": 1, "number_of_bathroom": 1, "area": 1}}, {"model": "estate.unit", "pk": 13, "fields": {"condo": 4, "owner": 1, "number": "13124", "title": "123", "description": "1312", "still_on_contract": false, "price_for_rent": 12132, "price_for_sell": 2131, "floor_number": 1359, "number_of_bedroom": 1, "number_of_bathroom": 1, "area": 1}}, {"model": "estate.unit", "pk": 14, "fields": {"condo": 2, "owner": 1, "number": "1", "title": "vcbgn", "description": "vnhjkk", "still_on_contract": false, "price_for_rent": 1, "price_for_sell": 1, "floor_number": 1, "number_of_bedroom": 1, "number_of_bathroom": 1, "area": 1}}, {"model": "estate.unit", "pk": 15, "fields": {"condo": 3, "owner": 1, "number": "1", "title": "Promotion", "description": "Get free after buying another unit.", "still_on_contract": false, "price_for_rent": 0, "price_for_sell": 0, "floor_number": 1, "number_of_bedroom": 1, "number_of_bathroom": 1, "area": 1}}, {"model": "estate.unitimages", "pk": 6, "fields": {"unit": 9, "image": "images/user_upload/unit/unit_id_9/og-image-pizza.jpg"}}, {"model": "estate.unitimages", "pk": 7, "fields": {"unit": 10, "image": "media/unit_bg.jpg"}}, {"model": "estate.unitimages", "pk": 8, "fields": {"unit": 11, "image": "media/user_upload/unit/unit_id_11/attach-1601612760709.jpg"}}, {"model": "estate.unitimages", "pk": 9, "fields": {"unit": 12, "image": "media/user_upload/unit/unit_id_12/1105984.png"}}, {"model": "estate.unitimages", "pk": 10, "fields": {"unit": 13, "image": "media/unit_bg.jpg"}}, {"model": "estate.unitimages", "pk": 11, "fields": {"unit": 14, "image": "media/unit_bg.jpg"}}, {"model": "estate.unitimages", "pk": 12, "fields": {"unit": 9, "image": "images/user_upload/unit/unit_id_9/Promotion-the-pizza-company-buy-1-free-1-for-2020-1024x680-1.jpg"}}, {"model": "estate.unitimages", "pk": 13, "fields": {"unit": 15, "image": "images/user_upload/unit/unit_id_15/Promotion-the-pizza-company-buy-1-free-1-for-2020-1024x680-1.jpg"}}, {"model": "admin.logentry", "pk": 1, "fields": {"action_time": "2020-12-04T09:43:46.269Z", "user": 1, "content_type": 2, "object_id": "1", "object_repr": "Solar", "action_flag": 1, "change_message": "[{\"added\": {}}, {\"added\": {\"name\": \"condo images\", \"object\": \"CondoImages object (1)\"}}]"}}, {"model": "admin.logentry", "pk": 2, "fields": {"action_time": "2020-12-04T09:45:28.619Z", "user": 1, "content_type": 1, "object_id": "2", "object_repr": "Jane Snow", "action_flag": 1, "change_message": "[{\"added\": {}}, {\"added\": {\"name\": \"contact info\", \"object\": \"Phone Number: 0992446293\"}}]"}}, {"model": "admin.logentry", "pk": 3, "fields": {"action_time": "2020-12-04T09:46:03.516Z", "user": 1, "content_type": 3, "object_id": "1", "object_repr": "1234", "action_flag": 1, "change_message": "[{\"added\": {}}]"}}, {"model": "admin.logentry", "pk": 4, "fields": {"action_time": "2020-12-04T09:55:53.671Z", "user": 1, "content_type": 2, "object_id": "1", "object_repr": "Solar", "action_flag": 2, "change_message": "[{\"changed\": {\"fields\": [\"Geolocation\"]}}, {\"changed\": {\"name\": \"condo images\", \"object\": \"CondoImages object (1)\", \"fields\": [\"Image\"]}}]"}}, {"model": "admin.logentry", "pk": 5, "fields": {"action_time": "2020-12-04T09:56:20.924Z", "user": 1, "content_type": 2, "object_id": "2", "object_repr": "the condo", "action_flag": 2, "change_message": "[{\"changed\": {\"fields\": [\"Geolocation\", \"Juristic persons number\", \"Common fee account\"]}}, {\"added\": {\"name\": \"condo images\", \"object\": \"CondoImages object (2)\"}}]"}}, {"model": "admin.logentry", "pk": 6, "fields": {"action_time": "2020-12-04T10:14:04.643Z", "user": 1, "content_type": 2, "object_id": "1", "object_repr": "Solar", "action_flag": 2, "change_message": "[{\"changed\": {\"fields\": [\"Geolocation\"]}}, {\"changed\": {\"name\": \"condo images\", \"object\": \"CondoImages object (1)\", \"fields\": [\"Image\"]}}]"}}, {"model": "admin.logentry", "pk": 7, "fields": {"action_time": "2020-12-04T10:14:08.504Z", "user": 1, "content_type": 2, "object_id": "2", "object_repr": "the condo", "action_flag": 2, "change_message": "[{\"changed\": {\"fields\": [\"Geolocation\"]}}, {\"changed\": {\"name\": \"condo images\", \"object\": \"CondoImages object (2)\", \"fields\": [\"Image\"]}}]"}}, {"model": "admin.logentry", "pk": 8, "fields": {"action_time": "2020-12-04T10:18:18.210Z", "user": 1, "content_type": 2, "object_id": "3", "object_repr": "New Condo", "action_flag": 1, "change_message": "[{\"added\": {}}, {\"added\": {\"name\": \"condo images\", \"object\": \"CondoImages object (3)\"}}]"}}, {"model": "admin.logentry", "pk": 9, "fields": {"action_time": "2020-12-04T10:20:09.653Z", "user": 1, "content_type": 2, "object_id": "1", "object_repr": "Solar", "action_flag": 3, "change_message": ""}}, {"model": "admin.logentry", "pk": 10, "fields": {"action_time": "2020-12-04T10:20:17.749Z", "user": 1, "content_type": 2, "object_id": "4", "object_repr": "Solar", "action_flag": 1, "change_message": "[{\"added\": {}}, {\"added\": {\"name\": \"condo images\", \"object\": \"CondoImages object (4)\"}}]"}}, {"model": "admin.logentry", "pk": 11, "fields": {"action_time": "2020-12-04T10:28:05.971Z", "user": 1, "content_type": 12, "object_id": "1", "object_repr": "http://akezurel.pythonanywhere.com/", "action_flag": 2, "change_message": "[{\"changed\": {\"fields\": [\"Domain name\", \"Display name\"]}}]"}}, {"model": "admin.logentry", "pk": 12, "fields": {"action_time": "2020-12-04T10:28:18.838Z", "user": 1, "content_type": 12, "object_id": "1", "object_repr": "akezurel.pythonanywhere.com", "action_flag": 2, "change_message": "[{\"changed\": {\"fields\": [\"Domain name\"]}}]"}}, {"model": "admin.logentry", "pk": 13, "fields": {"action_time": "2020-12-04T10:30:43.047Z", "user": 1, "content_type": 16, "object_id": "1", "object_repr": "Google", "action_flag": 1, "change_message": "[{\"added\": {}}]"}}, {"model": "admin.logentry", "pk": 14, "fields": {"action_time": "2020-12-04T10:34:43.360Z", "user": 1, "content_type": 16, "object_id": "2", "object_repr": "GitHub", "action_flag": 1, "change_message": "[{\"added\": {}}]"}}, {"model": "admin.logentry", "pk": 15, "fields": {"action_time": "2020-12-11T05:09:08.329Z", "user": 1, "content_type": 2, "object_id": "4", "object_repr": "Solar", "action_flag": 2, "change_message": "[{\"changed\": {\"fields\": [\"Geolocation\"]}}, {\"changed\": {\"name\": \"condo images\", \"object\": \"CondoImages object (4)\", \"fields\": [\"Image\"]}}]"}}, {"model": "admin.logentry", "pk": 16, "fields": {"action_time": "2020-12-11T05:09:37.104Z", "user": 1, "content_type": 2, "object_id": "3", "object_repr": "New Condo", "action_flag": 2, "change_message": "[{\"changed\": {\"fields\": [\"Geolocation\"]}}, {\"changed\": {\"name\": \"condo images\", \"object\": \"CondoImages object (3)\", \"fields\": [\"Image\"]}}]"}}, {"model": "admin.logentry", "pk": 17, "fields": {"action_time": "2020-12-11T05:10:03.206Z", "user": 1, "content_type": 2, "object_id": "2", "object_repr": "the condo", "action_flag": 2, "change_message": "[{\"changed\": {\"fields\": [\"Geolocation\"]}}, {\"changed\": {\"name\": \"condo images\", \"object\": \"CondoImages object (2)\", \"fields\": [\"Image\"]}}]"}}, {"model": "admin.logentry", "pk": 18, "fields": {"action_time": "2020-12-11T05:59:28.456Z", "user": 1, "content_type": 2, "object_id": "2", "object_repr": "the condo", "action_flag": 2, "change_message": "[{\"changed\": {\"fields\": [\"Address\", \"Geolocation\"]}}]"}}, {"model": "admin.logentry", "pk": 19, "fields": {"action_time": "2020-12-11T08:00:19.752Z", "user": 1, "content_type": 2, "object_id": "4", "object_repr": "Solar", "action_flag": 2, "change_message": "[{\"changed\": {\"fields\": [\"Geolocation\"]}}, {\"changed\": {\"name\": \"condo images\", \"object\": \"CondoImages object (4)\", \"fields\": [\"Image\"]}}]"}}, {"model": "admin.logentry", "pk": 20, "fields": {"action_time": "2020-12-11T08:14:40.847Z", "user": 1, "content_type": 3, "object_id": "5", "object_repr": "Old one", "action_flag": 3, "change_message": ""}}, {"model": "admin.logentry", "pk": 21, "fields": {"action_time": "2020-12-11T08:14:48.167Z", "user": 1, "content_type": 3, "object_id": "4", "object_repr": "Old one", "action_flag": 3, "change_message": ""}}, {"model": "admin.logentry", "pk": 22, "fields": {"action_time": "2020-12-11T08:14:55.690Z", "user": 1, "content_type": 3, "object_id": "3", "object_repr": "Old one", "action_flag": 3, "change_message": ""}}, {"model": "admin.logentry", "pk": 23, "fields": {"action_time": "2020-12-11T08:15:03.271Z", "user": 1, "content_type": 3, "object_id": "2", "object_repr": "Let try", "action_flag": 3, "change_message": ""}}, {"model": "admin.logentry", "pk": 24, "fields": {"action_time": "2020-12-11T08:33:41.881Z", "user": 1, "content_type": 3, "object_id": "8", "object_repr": "sdf", "action_flag": 3, "change_message": ""}}, {"model": "admin.logentry", "pk": 25, "fields": {"action_time": "2020-12-11T08:33:50.011Z", "user": 1, "content_type": 3, "object_id": "7", "object_repr": "v", "action_flag": 3, "change_message": ""}}, {"model": "admin.logentry", "pk": 26, "fields": {"action_time": "2020-12-11T08:33:57.715Z", "user": 1, "content_type": 3, "object_id": "6", "object_repr": "xcvb", "action_flag": 3, "change_message": ""}}, {"model": "admin.logentry", "pk": 27, "fields": {"action_time": "2020-12-11T08:42:15.867Z", "user": 1, "content_type": 2, "object_id": "3", "object_repr": "New Condo", "action_flag": 2, "change_message": "[{\"changed\": {\"fields\": [\"Geolocation\"]}}, {\"changed\": {\"name\": \"condo images\", \"object\": \"CondoImages object (3)\", \"fields\": [\"Image\"]}}]"}}, {"model": "admin.logentry", "pk": 28, "fields": {"action_time": "2020-12-11T08:42:34.541Z", "user": 1, "content_type": 2, "object_id": "2", "object_repr": "the condo", "action_flag": 2, "change_message": "[{\"changed\": {\"fields\": [\"Geolocation\"]}}, {\"changed\": {\"name\": \"condo images\", \"object\": \"CondoImages object (2)\", \"fields\": [\"Image\"]}}]"}}, {"model": "admin.logentry", "pk": 29, "fields": {"action_time": "2020-12-13T21:24:53.287Z", "user": 1, "content_type": 2, "object_id": "2", "object_repr": "the condo", "action_flag": 2, "change_message": "[{\"changed\": {\"fields\": [\"Geolocation\"]}}, {\"changed\": {\"name\": \"condo images\", \"object\": \"CondoImages object (2)\", \"fields\": [\"Image\"]}}]"}}, {"model": "admin.logentry", "pk": 30, "fields": {"action_time": "2020-12-15T11:33:19.654Z", "user": 1, "content_type": 2, "object_id": "5", "object_repr": "Udomsuksa", "action_flag": 2, "change_message": "[{\"changed\": {\"fields\": [\"Geolocation\", \"Juristic persons number\", \"Common fee account\"]}}, {\"changed\": {\"name\": \"condo images\", \"object\": \"CondoImages object (5)\", \"fields\": [\"Image\"]}}]"}}, {"model": "admin.logentry", "pk": 31, "fields": {"action_time": "2020-12-15T11:44:15.759Z", "user": 1, "content_type": 2, "object_id": "5", "object_repr": "Udomsuksa", "action_flag": 2, "change_message": "[{\"changed\": {\"fields\": [\"Geolocation\"]}}, {\"changed\": {\"name\": \"condo images\", \"object\": \"CondoImages object (5)\", \"fields\": [\"Image\"]}}]"}}, {"model": "admin.logentry", "pk": 32, "fields": {"action_time": "2020-12-15T11:55:16.398Z", "user": 1, "content_type": 2, "object_id": "5", "object_repr": "Udomsuksa", "action_flag": 2, "change_message": "[{\"changed\": {\"fields\": [\"Geolocation\"]}}, {\"changed\": {\"name\": \"condo images\", \"object\": \"CondoImages object (5)\", \"fields\": [\"Image\"]}}]"}}, {"model": "admin.logentry", "pk": 33, "fields": {"action_time": "2020-12-15T11:55:31.988Z", "user": 1, "content_type": 2, "object_id": "5", "object_repr": "Udomsuksa", "action_flag": 2, "change_message": "[{\"changed\": {\"fields\": [\"Geolocation\"]}}, {\"changed\": {\"name\": \"condo images\", \"object\": \"CondoImages object (5)\", \"fields\": [\"Image\"]}}]"}}, {"model": "admin.logentry", "pk": 34, "fields": {"action_time": "2020-12-15T14:08:03.511Z", "user": 1, "content_type": 2, "object_id": "5", "object_repr": "Udomsuksa", "action_flag": 2, "change_message": "[{\"changed\": {\"fields\": [\"Geolocation\"]}}, {\"changed\": {\"name\": \"condo images\", \"object\": \"CondoImages object (5)\", \"fields\": [\"Image\"]}}]"}}, {"model": "admin.logentry", "pk": 35, "fields": {"action_time": "2020-12-15T14:09:11.965Z", "user": 1, "content_type": 2, "object_id": "6", "object_repr": "Some Condo", "action_flag": 1, "change_message": "[{\"added\": {}}, {\"added\": {\"name\": \"condo images\", \"object\": \"CondoImages object (6)\"}}]"}}, {"model": "admin.logentry", "pk": 36, "fields": {"action_time": "2020-12-15T14:18:16.619Z", "user": 1, "content_type": 2, "object_id": "4", "object_repr": "Solar", "action_flag": 2, "change_message": "[{\"changed\": {\"fields\": [\"Geolocation\"]}}, {\"added\": {\"name\": \"condo images\", \"object\": \"CondoImages object (7)\"}}, {\"added\": {\"name\": \"condo images\", \"object\": \"CondoImages object (8)\"}}, {\"changed\": {\"name\": \"condo images\", \"object\": \"CondoImages object (4)\", \"fields\": [\"Image\"]}}]"}}, {"model": "admin.logentry", "pk": 37, "fields": {"action_time": "2020-12-16T04:36:33.021Z", "user": 1, "content_type": 2, "object_id": "5", "object_repr": "Udomsuksa", "action_flag": 2, "change_message": "[{\"changed\": {\"fields\": [\"Geolocation\"]}}, {\"changed\": {\"name\": \"condo images\", \"object\": \"CondoImages object (5)\", \"fields\": [\"Image\"]}}]"}}, {"model": "admin.logentry", "pk": 38, "fields": {"action_time": "2020-12-16T04:51:01.838Z", "user": 1, "content_type": 2, "object_id": "5", "object_repr": "Udomsuksa", "action_flag": 2, "change_message": "[{\"changed\": {\"fields\": [\"Geolocation\"]}}, {\"changed\": {\"name\": \"condo images\", \"object\": \"CondoImages object (5)\", \"fields\": [\"Image\"]}}]"}}, {"model": "admin.logentry", "pk": 39, "fields": {"action_time": "2020-12-16T04:54:55.269Z", "user": 1, "content_type": 2, "object_id": "5", "object_repr": "Udomsuksa", "action_flag": 2, "change_message": "[{\"changed\": {\"fields\": [\"Geolocation\"]}}, {\"changed\": {\"name\": \"condo images\", \"object\": \"CondoImages object (5)\", \"fields\": [\"Image\"]}}]"}}, {"model": "admin.logentry", "pk": 40, "fields": {"action_time": "2020-12-16T04:58:51.723Z", "user": 1, "content_type": 2, "object_id": "5", "object_repr": "Udomsuksa", "action_flag": 2, "change_message": "[{\"changed\": {\"fields\": [\"Geolocation\"]}}, {\"changed\": {\"name\": \"condo images\", \"object\": \"CondoImages object (5)\", \"fields\": [\"Image\"]}}]"}}, {"model": "admin.logentry", "pk": 41, "fields": {"action_time": "2020-12-16T05:03:18.635Z", "user": 1, "content_type": 2, "object_id": "5", "object_repr": "Udomsuksa", "action_flag": 2, "change_message": "[{\"changed\": {\"fields\": [\"Geolocation\"]}}, {\"changed\": {\"name\": \"condo images\", \"object\": \"CondoImages object (5)\", \"fields\": [\"Image\"]}}]"}}, {"model": "admin.logentry", "pk": 42, "fields": {"action_time": "2020-12-16T05:11:42.363Z", "user": 1, "content_type": 2, "object_id": "3", "object_repr": "New Condo", "action_flag": 2, "change_message": "[{\"changed\": {\"fields\": [\"Geolocation\"]}}, {\"changed\": {\"name\": \"condo images\", \"object\": \"CondoImages object (3)\", \"fields\": [\"Image\"]}}]"}}, {"model": "admin.logentry", "pk": 43, "fields": {"action_time": "2020-12-16T05:12:52.453Z", "user": 1, "content_type": 3, "object_id": "9", "object_repr": "Tttttt", "action_flag": 2, "change_message": "[{\"added\": {\"name\": \"unit images\", \"object\": \"UnitImages object (12)\"}}, {\"changed\": {\"name\": \"unit images\", \"object\": \"UnitImages object (6)\", \"fields\": [\"Image\"]}}]"}}, {"model": "admin.logentry", "pk": 44, "fields": {"action_time": "2020-12-16T05:25:17.753Z", "user": 1, "content_type": 2, "object_id": "4", "object_repr": "Solar", "action_flag": 2, "change_message": "[{\"changed\": {\"fields\": [\"Geolocation\", \"Amenities\"]}}]"}}, {"model": "auth.permission", "pk": 1, "fields": {"name": "Can add user", "content_type": 1, "codename": "add_customuser"}}, {"model": "auth.permission", "pk": 2, "fields": {"name": "Can change user", "content_type": 1, "codename": "change_customuser"}}, {"model": "auth.permission", "pk": 3, "fields": {"name": "Can delete user", "content_type": 1, "codename": "delete_customuser"}}, {"model": "auth.permission", "pk": 4, "fields": {"name": "Can view user", "content_type": 1, "codename": "view_customuser"}}, {"model": "auth.permission", "pk": 5, "fields": {"name": "Can add condo", "content_type": 2, "codename": "add_condo"}}, {"model": "auth.permission", "pk": 6, "fields": {"name": "Can change condo", "content_type": 2, "codename": "change_condo"}}, {"model": "auth.permission", "pk": 7, "fields": {"name": "Can delete condo", "content_type": 2, "codename": "delete_condo"}}, {"model": "auth.permission", "pk": 8, "fields": {"name": "Can view condo", "content_type": 2, "codename": "view_condo"}}, {"model": "auth.permission", "pk": 9, "fields": {"name": "Can add unit", "content_type": 3, "codename": "add_unit"}}, {"model": "auth.permission", "pk": 10, "fields": {"name": "Can change unit", "content_type": 3, "codename": "change_unit"}}, {"model": "auth.permission", "pk": 11, "fields": {"name": "Can delete unit", "content_type": 3, "codename": "delete_unit"}}, {"model": "auth.permission", "pk": 12, "fields": {"name": "Can view unit", "content_type": 3, "codename": "view_unit"}}, {"model": "auth.permission", "pk": 13, "fields": {"name": "Can add unit images", "content_type": 4, "codename": "add_unitimages"}}, {"model": "auth.permission", "pk": 14, "fields": {"name": "Can change unit images", "content_type": 4, "codename": "change_unitimages"}}, {"model": "auth.permission", "pk": 15, "fields": {"name": "Can delete unit images", "content_type": 4, "codename": "delete_unitimages"}}, {"model": "auth.permission", "pk": 16, "fields": {"name": "Can view unit images", "content_type": 4, "codename": "view_unitimages"}}, {"model": "auth.permission", "pk": 17, "fields": {"name": "Can add contact info", "content_type": 5, "codename": "add_contactinfo"}}, {"model": "auth.permission", "pk": 18, "fields": {"name": "Can change contact info", "content_type": 5, "codename": "change_contactinfo"}}, {"model": "auth.permission", "pk": 19, "fields": {"name": "Can delete contact info", "content_type": 5, "codename": "delete_contactinfo"}}, {"model": "auth.permission", "pk": 20, "fields": {"name": "Can view contact info", "content_type": 5, "codename": "view_contactinfo"}}, {"model": "auth.permission", "pk": 21, "fields": {"name": "Can add condo images", "content_type": 6, "codename": "add_condoimages"}}, {"model": "auth.permission", "pk": 22, "fields": {"name": "Can change condo images", "content_type": 6, "codename": "change_condoimages"}}, {"model": "auth.permission", "pk": 23, "fields": {"name": "Can delete condo images", "content_type": 6, "codename": "delete_condoimages"}}, {"model": "auth.permission", "pk": 24, "fields": {"name": "Can view condo images", "content_type": 6, "codename": "view_condoimages"}}, {"model": "auth.permission", "pk": 25, "fields": {"name": "Can add log entry", "content_type": 7, "codename": "add_logentry"}}, {"model": "auth.permission", "pk": 26, "fields": {"name": "Can change log entry", "content_type": 7, "codename": "change_logentry"}}, {"model": "auth.permission", "pk": 27, "fields": {"name": "Can delete log entry", "content_type": 7, "codename": "delete_logentry"}}, {"model": "auth.permission", "pk": 28, "fields": {"name": "Can view log entry", "content_type": 7, "codename": "view_logentry"}}, {"model": "auth.permission", "pk": 29, "fields": {"name": "Can add permission", "content_type": 8, "codename": "add_permission"}}, {"model": "auth.permission", "pk": 30, "fields": {"name": "Can change permission", "content_type": 8, "codename": "change_permission"}}, {"model": "auth.permission", "pk": 31, "fields": {"name": "Can delete permission", "content_type": 8, "codename": "delete_permission"}}, {"model": "auth.permission", "pk": 32, "fields": {"name": "Can view permission", "content_type": 8, "codename": "view_permission"}}, {"model": "auth.permission", "pk": 33, "fields": {"name": "Can add group", "content_type": 9, "codename": "add_group"}}, {"model": "auth.permission", "pk": 34, "fields": {"name": "Can change group", "content_type": 9, "codename": "change_group"}}, {"model": "auth.permission", "pk": 35, "fields": {"name": "Can delete group", "content_type": 9, "codename": "delete_group"}}, {"model": "auth.permission", "pk": 36, "fields": {"name": "Can view group", "content_type": 9, "codename": "view_group"}}, {"model": "auth.permission", "pk": 37, "fields": {"name": "Can add content type", "content_type": 10, "codename": "add_contenttype"}}, {"model": "auth.permission", "pk": 38, "fields": {"name": "Can change content type", "content_type": 10, "codename": "change_contenttype"}}, {"model": "auth.permission", "pk": 39, "fields": {"name": "Can delete content type", "content_type": 10, "codename": "delete_contenttype"}}, {"model": "auth.permission", "pk": 40, "fields": {"name": "Can view content type", "content_type": 10, "codename": "view_contenttype"}}, {"model": "auth.permission", "pk": 41, "fields": {"name": "Can add session", "content_type": 11, "codename": "add_session"}}, {"model": "auth.permission", "pk": 42, "fields": {"name": "Can change session", "content_type": 11, "codename": "change_session"}}, {"model": "auth.permission", "pk": 43, "fields": {"name": "Can delete session", "content_type": 11, "codename": "delete_session"}}, {"model": "auth.permission", "pk": 44, "fields": {"name": "Can view session", "content_type": 11, "codename": "view_session"}}, {"model": "auth.permission", "pk": 45, "fields": {"name": "Can add site", "content_type": 12, "codename": "add_site"}}, {"model": "auth.permission", "pk": 46, "fields": {"name": "Can change site", "content_type": 12, "codename": "change_site"}}, {"model": "auth.permission", "pk": 47, "fields": {"name": "Can delete site", "content_type": 12, "codename": "delete_site"}}, {"model": "auth.permission", "pk": 48, "fields": {"name": "Can view site", "content_type": 12, "codename": "view_site"}}, {"model": "auth.permission", "pk": 49, "fields": {"name": "Can add email address", "content_type": 13, "codename": "add_emailaddress"}}, {"model": "auth.permission", "pk": 50, "fields": {"name": "Can change email address", "content_type": 13, "codename": "change_emailaddress"}}, {"model": "auth.permission", "pk": 51, "fields": {"name": "Can delete email address", "content_type": 13, "codename": "delete_emailaddress"}}, {"model": "auth.permission", "pk": 52, "fields": {"name": "Can view email address", "content_type": 13, "codename": "view_emailaddress"}}, {"model": "auth.permission", "pk": 53, "fields": {"name": "Can add email confirmation", "content_type": 14, "codename": "add_emailconfirmation"}}, {"model": "auth.permission", "pk": 54, "fields": {"name": "Can change email confirmation", "content_type": 14, "codename": "change_emailconfirmation"}}, {"model": "auth.permission", "pk": 55, "fields": {"name": "Can delete email confirmation", "content_type": 14, "codename": "delete_emailconfirmation"}}, {"model": "auth.permission", "pk": 56, "fields": {"name": "Can view email confirmation", "content_type": 14, "codename": "view_emailconfirmation"}}, {"model": "auth.permission", "pk": 57, "fields": {"name": "Can add social account", "content_type": 15, "codename": "add_socialaccount"}}, {"model": "auth.permission", "pk": 58, "fields": {"name": "Can change social account", "content_type": 15, "codename": "change_socialaccount"}}, {"model": "auth.permission", "pk": 59, "fields": {"name": "Can delete social account", "content_type": 15, "codename": "delete_socialaccount"}}, {"model": "auth.permission", "pk": 60, "fields": {"name": "Can view social account", "content_type": 15, "codename": "view_socialaccount"}}, {"model": "auth.permission", "pk": 61, "fields": {"name": "Can add social application", "content_type": 16, "codename": "add_socialapp"}}, {"model": "auth.permission", "pk": 62, "fields": {"name": "Can change social application", "content_type": 16, "codename": "change_socialapp"}}, {"model": "auth.permission", "pk": 63, "fields": {"name": "Can delete social application", "content_type": 16, "codename": "delete_socialapp"}}, {"model": "auth.permission", "pk": 64, "fields": {"name": "Can view social application", "content_type": 16, "codename": "view_socialapp"}}, {"model": "auth.permission", "pk": 65, "fields": {"name": "Can add social application token", "content_type": 17, "codename": "add_socialtoken"}}, {"model": "auth.permission", "pk": 66, "fields": {"name": "Can change social application token", "content_type": 17, "codename": "change_socialtoken"}}, {"model": "auth.permission", "pk": 67, "fields": {"name": "Can delete social application token", "content_type": 17, "codename": "delete_socialtoken"}}, {"model": "auth.permission", "pk": 68, "fields": {"name": "Can view social application token", "content_type": 17, "codename": "view_socialtoken"}}, {"model": "contenttypes.contenttype", "pk": 1, "fields": {"app_label": "estate", "model": "customuser"}}, {"model": "contenttypes.contenttype", "pk": 2, "fields": {"app_label": "estate", "model": "condo"}}, {"model": "contenttypes.contenttype", "pk": 3, "fields": {"app_label": "estate", "model": "unit"}}, {"model": "contenttypes.contenttype", "pk": 4, "fields": {"app_label": "estate", "model": "unitimages"}}, {"model": "contenttypes.contenttype", "pk": 5, "fields": {"app_label": "estate", "model": "contactinfo"}}, {"model": "contenttypes.contenttype", "pk": 6, "fields": {"app_label": "estate", "model": "condoimages"}}, {"model": "contenttypes.contenttype", "pk": 7, "fields": {"app_label": "admin", "model": "logentry"}}, {"model": "contenttypes.contenttype", "pk": 8, "fields": {"app_label": "auth", "model": "permission"}}, {"model": "contenttypes.contenttype", "pk": 9, "fields": {"app_label": "auth", "model": "group"}}, {"model": "contenttypes.contenttype", "pk": 10, "fields": {"app_label": "contenttypes", "model": "contenttype"}}, {"model": "contenttypes.contenttype", "pk": 11, "fields": {"app_label": "sessions", "model": "session"}}, {"model": "contenttypes.contenttype", "pk": 12, "fields": {"app_label": "sites", "model": "site"}}, {"model": "contenttypes.contenttype", "pk": 13, "fields": {"app_label": "account", "model": "emailaddress"}}, {"model": "contenttypes.contenttype", "pk": 14, "fields": {"app_label": "account", "model": "emailconfirmation"}}, {"model": "contenttypes.contenttype", "pk": 15, "fields": {"app_label": "socialaccount", "model": "socialaccount"}}, {"model": "contenttypes.contenttype", "pk": 16, "fields": {"app_label": "socialaccount", "model": "socialapp"}}, {"model": "contenttypes.contenttype", "pk": 17, "fields": {"app_label": "socialaccount", "model": "socialtoken"}}, {"model": "sessions.session", "pk": "33x2v5gwb12xl23pj5hudk6y7vqimddn", "fields": {"session_data": ".eJxVjEEOwiAQRe_C2hAwFGiX7j0DGWYGixowpU1qjHfXJl3o9r_330sEWOYxLI2nkEkMQovD7xYBb1w2QFcolyqxlnnKUW6K3GmT50p8P-3uX2CENn7fXmtS3hvNsWeNZElpZXtE55ATUEd9siYqbzmSc-aIjsDamBg6w8ls0cat5VoCr488PcWg3h-rm0AN:1koYjD:4-2mp31bg6zYPbcSKl8E_b3MD1I5mgQxlK6cCaLx3Ys", "expire_date": "2020-12-27T21:16:27.878Z"}}, {"model": "sessions.session", "pk": "5kwkrvt7aunjduma3kl9ek8hp1zlc8qh", "fields": {"session_data": "eyJzb2NpYWxhY2NvdW50X3N0YXRlIjpbeyJwcm9jZXNzIjoibG9naW4iLCJzY29wZSI6IiIsImF1dGhfcGFyYW1zIjoiIn0sIk95ZmJBdm5aVHpNUiJdfQ:1knN0A:THMDXS76li963jR0zWF8JcyF619sEXWgRysrf2v9kV8", "expire_date": "2020-12-24T14:33:02.136Z"}}, {"model": "sessions.session", "pk": "812q27i51vnq5r77umxcwpv465q61lku", "fields": {"session_data": "eyJzb2NpYWxhY2NvdW50X3N0YXRlIjpbeyJwcm9jZXNzIjoibG9naW4iLCJzY29wZSI6IiIsImF1dGhfcGFyYW1zIjoiIn0sImdaM2xsU1Q1c1hXViJdfQ:1knMul:8o5QiPE6p_4E2xbP3ugTtcoq-w-pTG3EVQfqdoue_Uk", "expire_date": "2020-12-24T14:27:27.814Z"}}, {"model": "sessions.session", "pk": "9q2jp0xwqeo6n4x9wkxkcqya16inmyq6", "fields": {"session_data": ".eJxVjDkOwjAUBe_iGlk2crxQ0nMG62_GAeRIcVJF3B0ipYD2zczbVIZ1qXntMueR1UVZdfrdEOgpbQf8gHafNE1tmUfUu6IP2vVtYnldD_fvoEKv3zpayyZGZwWTWGLPxhqfiEIgKcADp-IdmugFOQR3psDgPRaBwUlx6v0B8QU40A:1koRYP:6pRxEJGyNrQvj2fJNp8aOme0ItenTmuS5Vr34pVcgHs", "expire_date": "2020-12-27T13:36:49.817Z"}}, {"model": "sessions.session", "pk": "bxdc7ay654rfv8xo7td76qyexsbii7qz", "fields": {"session_data": ".eJxVjLtuhDAQRf9laoR4GkyXFGlTRUKKImsYD8FaYyNs0qz232NWNNvNvefOuUPwZNAikT9cVCFiZBi-77DtnjgEGMD6X-Mgg0B-SwzSiUdc1IY7rucAHhmMY9TjV_Wxfq4j_KTFJfzj3cyGteIVjYXBHdZmoJ6CI_CujE6GsoSXckK6sTsJWnvW-eXLn5sLh_wtJXbREEbj3fv19aJaMCzJ05SC-0rUVVML6qt5oqIVstUdNTX3krnupoKwRIlFw9wJ3dckO8R-FlK2FTz-AS83ZN0:1koN5j:auh_wyRiuSLvr7eT-6AFG2MIJ85IwhyjUtDMpptwbxE", "expire_date": "2020-12-27T08:50:55.549Z"}}, {"model": "sessions.session", "pk": "dtzcrh2gvnvvguwgio0sqdnp5wxw68r8", "fields": {"session_data": ".eJxVjDkOwjAUBe_iGlk2crxQ0nMG62_GAeRIcVJF3B0ipYD2zczbVIZ1qXntMueR1UVZdfrdEOgpbQf8gHafNE1tmUfUu6IP2vVtYnldD_fvoEKv3zpayyZGZwWTWGLPxhqfiEIgKcADp-IdmugFOQR3psDgPRaBwUlx6v0B8QU40A:1kp8ZR:7i4IO8lq-eC3GMMYus3_BNKG-jts2a4iVRAFtJ4ACNA", "expire_date": "2020-12-29T11:32:45.076Z"}}, {"model": "sessions.session", "pk": "p3c4gef63llrxvb5su0u2dgs0rjlz05j", "fields": {"session_data": ".eJxVjDsOgzAQRO_iOkILMf7QhYtY62UtrDhGAjtNlLsHIhrKeTPzPgKJlpqLe_MaQ-TJ8QtjEkOuKd2Ew1pmVzdeXZzEIJS4MI_05HwUmNKBm1PX_DdnvTWPPXEukbDEJY_n66KacZt3T6slWw9MHcigLPSEmiaDd997q7RhUh4D6g6MNdbbIK2UATomAKVbEN8firxHjA:1klBGw:N2AHPEWxq5WgHv9FCMboMkK49z8qxkGSUQajrIXnMdo", "expire_date": "2020-12-18T13:37:18.358Z"}}, {"model": "sessions.session", "pk": "pzn539nv6rpnttudv9gasaznec79lql1", "fields": {"session_data": ".eJxVjMsOwiAQRf-FtSHTSnl06d5vIDMwWNSAKW2iMf67NnGh23vOPU_hcV0mvzaefY5iFFrsfjfCcOGygXjGcqoy1LLMmeSmyC9t8lgjXw9f9y8wYZs-784odgQcelBJOxgCmhAt7mkgp43loAkTmh6ss45cUk6pBD0HAG062KKNW8u1eL7f8vwQI7zekGY-7w:1klBJK:QG1DrYBJyeXzOGDYzCrTCzggndyyBEFcriqU0I126Ec", "expire_date": "2020-12-18T13:39:46.212Z"}}, {"model": "sessions.session", "pk": "q4qltxl3yr3dtbn81decrgi23uq0isld", "fields": {"session_data": ".eJxVjEEOgyAURO_CujEICOiuvQj5fL6RlGIi0E3Tu1cbNy7nzcz7MEBcW67uTVucIwVHL4iJTbmldGMOWl1cK7S5GNjEDLswD_ikfBSQ0oG7U9f9N2dduvueKNeIUOOaH-frolqgLLtHjAMnrmbrJTeq90H6EWw_jEKhx2Ct4F4YkAJAKpRGE8leG8X1jCg0sO8PapJHPA:1klyvO:LRPamZz-vU2oZm76sjrWDFTBJ6AKIqiYmOTTWTTvbxU", "expire_date": "2020-12-20T18:38:22.367Z"}}, {"model": "sessions.session", "pk": "r8b7wl35yef57e665lvaf5eprn865bwm", "fields": {"session_data": ".eJxVjMEOgyAQRP9lz43Bugp6a3-ELMsSSSkmFXpp-u_VxovHeTPzPkDMS83FvuUVQxRv5UkxwZRrShewVMts6yovGz1M0MOJOeKH5L2glHbcHLrmvznqtbltSXKJTCUu-X68TqqZ1nnzOI3c48jdwETKmPbaYuiQ2HdBE6HC3rSeNXo_jMjBUBBWPCing0Mj8P0BiplIaw:1klBGP:2RMi0OtA2jANJYhY2OLumWX8wMJLIjUi-536fpb5fSM", "expire_date": "2020-12-18T13:36:45.640Z"}}, {"model": "sessions.session", "pk": "tb2pa0sak85dhlms5hqjgz0xptud1bmx", "fields": {"session_data": ".eJxVjEEOwiAQRe_C2hAwFGiX7j0DGWYGixowpU1qjHfXJl3o9r_330sEWOYxLI2nkEkMQovD7xYBb1w2QFcolyqxlnnKUW6K3GmT50p8P-3uX2CENn7fXmtS3hvNsWeNZElpZXtE55ATUEd9siYqbzmSc-aIjsDamBg6w8ls0cat5VoCr488PcWg3h-rm0AN:1kncG4:-J2G805LjMaHMRyO6h6c5_pD45eptN5yqnmDROJcEMA", "expire_date": "2020-12-25T06:50:28.174Z"}}, {"model": "sessions.session", "pk": "veb8xao84mhek286c6rlnu2y9yu2g4v7", "fields": {"session_data": "eyJzb2NpYWxhY2NvdW50X3N0YXRlIjpbeyJwcm9jZXNzIjoibG9naW4iLCJzY29wZSI6IiIsImF1dGhfcGFyYW1zIjoiIn0sImJpWE9OMkZaS25VNCJdfQ:1klLXK:h-69xe4WJdFGWM2w3jf6qKdptUUdFaE-SPiS6siDVBc", "expire_date": "2020-12-19T00:34:54.183Z"}}, {"model": "sites.site", "pk": 1, "fields": {"domain": "akezurel.pythonanywhere.com", "name": "real-estate.com"}}, {"model": "account.emailaddress", "pk": 1, "fields": {"user": 4, "email": "qw@mail.com", "verified": false, "primary": true}}, {"model": "account.emailaddress", "pk": 2, "fields": {"user": 5, "email": "host@m.com", "verified": false, "primary": true}}, {"model": "account.emailaddress", "pk": 3, "fields": {"user": 6, "email": "helloworld@m.com", "verified": false, "primary": true}}, {"model": "account.emailaddress", "pk": 4, "fields": {"user": 7, "email": "aassd.asasd@ghsh.com", "verified": false, "primary": true}}, {"model": "account.emailaddress", "pk": 5, "fields": {"user": 8, "email": "phuwanut.j@ku.th", "verified": true, "primary": true}}, {"model": "account.emailaddress", "pk": 6, "fields": {"user": 10, "email": "kardel374@gmail.com", "verified": true, "primary": true}}, {"model": "account.emailaddress", "pk": 7, "fields": {"user": 11, "email": "Harry@hogwarts.com", "verified": false, "primary": true}}, {"model": "account.emailaddress", "pk": 8, "fields": {"user": 12, "email": "giftbbt@gmail.com", "verified": true, "primary": true}}, {"model": "socialaccount.socialapp", "pk": 1, "fields": {"provider": "google", "name": "Google", "client_id": "1027128170991-lblo5nqkqog73fpnh6m6o37e3isn5gm6.apps.googleusercontent.com", "secret": "UOrqvVinEuhW-AWdGYwaSiAh", "key": "", "sites": [1]}}, {"model": "socialaccount.socialapp", "pk": 2, "fields": {"provider": "github", "name": "GitHub", "client_id": "e0255901f71a06b34a4d", "secret": "5b5143e6fc05c5d4fd5cc7cb1c83be13aaa341cd", "key": "", "sites": [1]}}, {"model": "socialaccount.socialaccount", "pk": 1, "fields": {"user": 3, "provider": "github", "uid": "59855413", "last_login": "2020-12-12T05:45:39.606Z", "date_joined": "2020-12-04T10:35:01.254Z", "extra_data": "{\"login\": \"kaesrel\", \"id\": 59855413, \"node_id\": \"MDQ6VXNlcjU5ODU1NDEz\", \"avatar_url\": \"https://avatars0.githubusercontent.com/u/59855413?v=4\", \"gravatar_id\": \"\", \"url\": \"https://api.github.com/users/kaesrel\", \"html_url\": \"https://github.com/kaesrel\", \"followers_url\": \"https://api.github.com/users/kaesrel/followers\", \"following_url\": \"https://api.github.com/users/kaesrel/following{/other_user}\", \"gists_url\": \"https://api.github.com/users/kaesrel/gists{/gist_id}\", \"starred_url\": \"https://api.github.com/users/kaesrel/starred{/owner}{/repo}\", \"subscriptions_url\": \"https://api.github.com/users/kaesrel/subscriptions\", \"organizations_url\": \"https://api.github.com/users/kaesrel/orgs\", \"repos_url\": \"https://api.github.com/users/kaesrel/repos\", \"events_url\": \"https://api.github.com/users/kaesrel/events{/privacy}\", \"received_events_url\": \"https://api.github.com/users/kaesrel/received_events\", \"type\": \"User\", \"site_admin\": false, \"name\": \"Chanathip Thumkanon\", \"company\": null, \"blog\": \"\", \"location\": null, \"email\": null, \"hireable\": null, \"bio\": null, \"twitter_username\": null, \"public_repos\": 9, \"public_gists\": 0, \"followers\": 1, \"following\": 6, \"created_at\": \"2020-01-14T02:00:06Z\", \"updated_at\": \"2020-12-12T05:05:15Z\"}"}}, {"model": "socialaccount.socialaccount", "pk": 2, "fields": {"user": 8, "provider": "google", "uid": "104977698183209651508", "last_login": "2020-12-11T06:03:33.023Z", "date_joined": "2020-12-11T05:49:58.012Z", "extra_data": "{\"id\": \"104977698183209651508\", \"email\": \"phuwanut.j@ku.th\", \"verified_email\": true, \"picture\": \"https://lh3.googleusercontent.com/a-/AOh14Girw_f4sVqCgWSHGVqr2YckbiiTN0RxKd0Hv8LS=s96-c\", \"hd\": \"ku.th\"}"}}, {"model": "socialaccount.socialaccount", "pk": 3, "fields": {"user": 9, "provider": "github", "uid": "59816809", "last_login": "2020-12-11T05:50:20.413Z", "date_joined": "2020-12-11T05:50:20.413Z", "extra_data": "{\"login\": \"phuwanutj\", \"id\": 59816809, \"node_id\": \"MDQ6VXNlcjU5ODE2ODA5\", \"avatar_url\": \"https://avatars3.githubusercontent.com/u/59816809?v=4\", \"gravatar_id\": \"\", \"url\": \"https://api.github.com/users/phuwanutj\", \"html_url\": \"https://github.com/phuwanutj\", \"followers_url\": \"https://api.github.com/users/phuwanutj/followers\", \"following_url\": \"https://api.github.com/users/phuwanutj/following{/other_user}\", \"gists_url\": \"https://api.github.com/users/phuwanutj/gists{/gist_id}\", \"starred_url\": \"https://api.github.com/users/phuwanutj/starred{/owner}{/repo}\", \"subscriptions_url\": \"https://api.github.com/users/phuwanutj/subscriptions\", \"organizations_url\": \"https://api.github.com/users/phuwanutj/orgs\", \"repos_url\": \"https://api.github.com/users/phuwanutj/repos\", \"events_url\": \"https://api.github.com/users/phuwanutj/events{/privacy}\", \"received_events_url\": \"https://api.github.com/users/phuwanutj/received_events\", \"type\": \"User\", \"site_admin\": false, \"name\": \"Phuwanut Jiamwatthanaloet\", \"company\": null, \"blog\": \"\", \"location\": null, \"email\": null, \"hireable\": null, \"bio\": \"My name is Phuwanut Jiamwatthanaloet. My student id is 6210545599.\", \"twitter_username\": null, \"public_repos\": 6, \"public_gists\": 0, \"followers\": 7, \"following\": 0, \"created_at\": \"2020-01-13T05:37:21Z\", \"updated_at\": \"2020-10-12T02:07:44Z\"}"}}, {"model": "socialaccount.socialaccount", "pk": 4, "fields": {"user": 10, "provider": "google", "uid": "114139587619762418275", "last_login": "2020-12-12T05:46:04.186Z", "date_joined": "2020-12-12T05:46:04.186Z", "extra_data": "{\"id\": \"114139587619762418275\", \"email\": \"kardel374@gmail.com\", \"verified_email\": true, \"picture\": \"https://lh3.googleusercontent.com/-5i-n9S1Ka-k/AAAAAAAAAAI/AAAAAAAAAAA/FArkZeEUw1k/photo.jpg\"}"}}, {"model": "socialaccount.socialaccount", "pk": 5, "fields": {"user": 12, "provider": "google", "uid": "108633947827531417937", "last_login": "2020-12-14T14:03:56.380Z", "date_joined": "2020-12-14T13:28:16.158Z", "extra_data": "{\"id\": \"108633947827531417937\", \"email\": \"giftbbt@gmail.com\", \"verified_email\": true, \"picture\": \"https://lh3.googleusercontent.com/a-/AOh14Gh43F1uN8wCyQzLmU8ysH68Kz3Kul-MsS378kC2Gek=s96-c\"}"}}, {"model": "socialaccount.socialtoken", "pk": 1, "fields": {"app": 2, "account": 1, "token": "19f44cc438220c60b1daa4ed856ea76ecdc931bc", "token_secret": "", "expires_at": null}}, {"model": "socialaccount.socialtoken", "pk": 2, "fields": {"app": 1, "account": 2, "token": "ya29.a0AfH6SMDeiT_frJRHxUotCjLQHGcRk-CuiWbbIvwYwSf4j2eKN2jxTJmCyxu0-XE7aWeum4gn4DM0aIqinwugJN94m__h6BjceuJnC9V3XZw4acPfxh4OkS0ffgrwAmNkhy1oMlf9vt0UgXewJvX2nqpKKxEKJovWNYQd-YhCCLo", "token_secret": "", "expires_at": "2020-12-11T07:03:31.945Z"}}, {"model": "socialaccount.socialtoken", "pk": 3, "fields": {"app": 2, "account": 3, "token": "75ae81acde6b25b006431637e93a113aac6fdc53", "token_secret": "", "expires_at": null}}, {"model": "socialaccount.socialtoken", "pk": 4, "fields": {"app": 1, "account": 4, "token": "ya29.a0AfH6SMDGuNQjMyGdnZ1ubF_4nPY9g_3WjJ1WF-FIFLFlDpt3aQK73xh9boabMWOamVBGgxebliaXG0tlPSCqPE7RQKx0W1CO4scpo7mJ-fzYmtUuUH-FvZ5IMj7Ixx8ur4aXx7fozLqatg3ZII9eIrh23Dg2M_0et1XB1yr7zyIA", "token_secret": "", "expires_at": "2020-12-12T06:46:03.048Z"}}, {"model": "socialaccount.socialtoken", "pk": 5, "fields": {"app": 1, "account": 5, "token": "ya29.a0AfH6SMDbm_nO3T1s9DqhsmFsa04M1bNlfvPW07lnk2T4LivWl9Ck4wAVHapNiK8B1bsE_aTebGzn9GlLDUiKyXGJ4bqj3PDXB06yxQQsoMgZEFyGRohMU19p87fIxQBG5Nkl2OwflVtjCN2bkXfCQexHP0N4QeFAVZEVpQgm2Io", "token_secret": "", "expires_at": "2020-12-14T15:03:55.303Z"}}]